Stock,Predicted Return,True Return
NUVOCO_test,0.48702067,0.0
DEVYANI_test,0.4685123,0.0
RAILTEL_test,0.45387363,0.0
STARHEALTH_test,0.44926524,0.0
LT_test,0.44484305,0.0
INTELLECT_test,0.44035935,0.0
VINATIORGA_test,0.4233511,0.0
WHIRLPOOL_test,0.4081781,0.0
SPARC_test,0.4013061,0.0
IIFL_test,0.39843452,0.0
ZEEL_test,0.38636297,0.0
RELIANCE_test,0.3856966,0.0
BLUEDART_test,0.379143,0.0
MRPL_test,0.37245142,0.0
DABUR_test,0.36591887,0.0
BALAMINES_test,0.32706988,0.0
RKFORGE_test,0.3146425,0.0
TATAMOTORS_test,0.30847514,0.0
AUBANK_test,0.2935962,0.0
APOLLOHOSP_test,0.28547207,0.0
TATAINVEST_test,0.2831869,0.0
SWSOLAR_test,0.26271942,0.0
MARUTI_test,0.24311316,0.0
OIL_test,0.2408622,0.0
MOTILALOFS_test,0.2272726,0.0
GRAPHITE_test,0.22134778,0.0
BANKINDIA_test,0.22050388,0.0
EIHOTEL_test,0.22037461,0.0
UNIONBANK_test,0.2191383,0.0
J&KBANK_test,0.2186023,0.0
HDFCBANK_test,0.2173494,0.0
TITAN_test,0.21596363,0.0
TATACONSUM_test,0.21472009,0.0
GAEL_test,0.2130759,0.0
HINDUNILVR_test,0.21261522,0.0
IOB_test,0.2108927,0.0
KNRCON_test,0.21078102,0.0
LALPATHLAB_test,0.20870203,0.0
ASIANPAINT_test,0.20733371,0.0
ALKYLAMINE_test,0.20730561,0.0
CLEAN_test,0.2064437,0.0
APOLLOTYRE_test,0.20367822,0.0
TIMKEN_test,0.20301509,0.0
CENTRALBK_test,0.20286871,0.0
MARICO_test,0.2024588,0.0
NYKAA_test,0.20203933,0.0
AFFLE_test,0.20069385,0.0
CGCL_test,0.20066041,0.0
BANDHANBNK_test,0.20061952,0.0
RHIM_test,0.20035411,0.0
SAREGAMA_test,0.1983073,0.0
RENUKA_test,0.19813734,0.0
IOC_test,0.19769806,0.0
BALRAMCHIN_test,0.19674511,0.0
KANSAINER_test,0.19656788,0.0
PEL_test,0.19636309,0.0
GRINDWELL_test,0.19632062,0.0
NESTLEIND_test,0.19597065,0.0
BASF_test,0.19584462,0.0
DIVISLAB_test,0.19548544,0.0
TTML_test,0.19539072,0.0
UCOBANK_test,0.19472998,0.0
OLECTRA_test,0.19467978,0.0
MRF_test,0.1945068,0.0
RAMCOCEM_test,0.19429532,0.0
SJVN_test,0.19366834,0.0
IRCTC_test,0.19347818,0.0
CUB_test,0.1931284,0.0
GRSE_test,0.1931167,0.0233810922586847
BAJFINANCE_test,0.19293983,0.0
GRINFRA_test,0.1928845,0.0
ASAHIINDIA_test,0.19275756,0.0
TEJASNET_test,0.19266595,0.0
MAHABANK_test,0.19260849,0.0
SKFINDIA_test,0.1920813,0.0
PNBHOUSING_test,0.19165131,0.0
VBL_test,0.19163662,0.0
DLF_test,0.19136564,0.0
BANKBARODA_test,0.19117817,0.0
CROMPTON_test,0.19107261,0.0
INDIACEM_test,0.19066912,0.0
IRB_test,0.19029742,0.0
SONATSOFTW_test,0.19015971,0.0
BALKRISIND_test,0.18980148,0.0
POONAWALLA_test,0.18962392,0.0
REDINGTON_test,0.18905254,0.0
JSL_test,0.18878433,0.0
DBREALTY_test,0.18873593,0.0
ACE_test,0.18870166,0.0
ANANTRAJ_test,0.18853256,0.0
ONGC_test,0.1884677,0.0
JBMA_test,0.18839231,0.0
UTIAMC_test,0.18836014,0.0
PRAJIND_test,0.18834585,0.0
CHENNPETRO_test,0.18832248,0.0
BIRLACORPN_test,0.18829247,0.0
TATACOMM_test,0.18829209,0.0
METROPOLIS_test,0.18825309,0.0
RITES_test,0.18807971,0.0
CHEMPLASTS_test,0.18807633,0.0
SONACOMS_test,0.18795139,0.0
TATACHEM_test,0.18792583,0.0
JKCEMENT_test,0.18789771,0.0
SANOFI_test,0.18787825,0.0
COALINDIA_test,0.18782905,0.0
YESBANK_test,0.18773848,0.0
BAJAJ-AUTO_test,0.18771711,0.0
JKTYRE_test,0.18767819,0.0
ADANIPORTS_test,0.18761784,0.0
DEEPAKNTR_test,0.18747678,0.0
ANANDRATHI_test,0.18747374,0.0
SUNPHARMA_test,0.18735164,0.0
SUNDRMFAST_test,0.18733643,0.0
ANGELONE_test,0.1872119,0.0
ZYDUSLIFE_test,0.18702811,0.0
IGL_test,0.18702576,0.0
SYNGENE_test,0.18699062,0.0
TIINDIA_test,0.18697461,0.0
CIEINDIA_test,0.18697459,0.0
EASEMYTRIP_test,0.18697459,0.0
APARINDS_test,0.18697457,0.0
MMTC_test,0.18697457,0.0
THERMAX_test,0.18697457,0.0
ROUTE_test,0.18697457,0.0
PRESTIGE_test,0.18697457,0.0
VARROC_test,0.18697457,0.0
APTUS_test,0.18697456,0.0
TCS_test,0.18697456,0.0
CCL_test,0.18697456,0.0
WESTLIFE_test,0.18697456,0.0
MASTEK_test,0.18697456,0.0
PGHH_test,0.18697456,0.0
ENGINERSIN_test,0.18697456,0.0
FINPIPE_test,0.18697456,0.0
GAIL_test,0.18697456,0.0
FACT_test,0.18697456,0.0
DATAPATTNS_test,0.18697456,0.0
JYOTHYLAB_test,0.18697456,0.0
HFCL_test,0.18697456,0.0
ITC_test,0.18697456,0.0
INDIAMART_test,0.18697456,0.0
SCHNEIDER_test,0.18697454,0.0
WIPRO_test,0.18697454,0.0
CONCOR_test,0.18697454,0.0
TATAELXSI_test,0.18697454,0.0
GODREJPROP_test,0.18697454,0.0
LTIM_test,0.18697454,0.0
RATNAMANI_test,0.18697454,0.0
CHALET_test,0.18697454,0.0
LATENTVIEW_test,0.18697454,0.0
HINDCOPPER_test,0.18697454,0.0
ELECON_test,0.18697454,0.0
GMRAIRPORT_test,0.18697453,0.0
ABCAPITAL_test,0.18697453,0.0
TATAPOWER_test,0.18697453,0.0
AARTIIND_test,0.18697453,0.0
GUJGASLTD_test,0.18697453,0.0
PNCINFRA_test,0.18697453,0.0
BEML_test,0.18697453,0.0
SBIN_test,0.18697453,0.0
RTNINDIA_test,0.18697453,0.0
ENDURANCE_test,0.18697453,0.0
PNB_test,0.18697453,0.0
NBCC_test,0.18697453,0.0
RAYMOND_test,0.18697453,0.0
IDEA_test,0.18697453,0.0
NCC_test,0.18697453,0.0
GSPL_test,0.18697453,0.0
SUNTV_test,0.18697451,0.0
HAVELLS_test,0.18697451,0.0
MAPMYINDIA_test,0.18697451,0.0
ITI_test,0.18697451,0.0
PFIZER_test,0.18697451,0.0
ADANIGREEN_test,0.18697451,0.0
MPHASIS_test,0.18697451,0.0
POLYCAB_test,0.18697451,0.0
UJJIVANSFB_test,0.1869745,0.0
CANFINHOME_test,0.1869745,0.0
BAYERCROP_test,0.1869745,0.0
ZFCVINDIA_test,0.1869745,0.0
OBEROIRLTY_test,0.1869745,0.0
POWERGRID_test,0.1869745,0.0
GESHIP_test,0.1869745,0.0
PIDILITIND_test,0.1869745,0.0
ECLERX_test,0.1869745,0.0
KIRLOSENG_test,0.1869745,0.0
KPITTECH_test,0.1869745,0.0
KALYANKJIL_test,0.1869745,0.0
LODHA_test,0.1869745,0.0
METROBRAND_test,0.1869745,0.0
JBCHEPHARM_test,0.1869745,0.0
USHAMART_test,0.1869745,0.0
ADANIPOWER_test,0.1869745,0.0
NATCOPHARM_test,0.18697448,0.0
COLPAL_test,0.18697448,0.0
SOBHA_test,0.18697448,0.0
HINDPETRO_test,0.18697447,0.0
KSB_test,0.18697447,0.0
EXIDEIND_test,0.18697447,0.0
NEWGEN_test,0.18697447,0.0
CESC_test,0.18697447,0.0
NTPC_test,0.18697447,0.0
RVNL_test,0.18697447,0.0
KEI_test,0.18697447,0.0
HAL_test,0.18697447,0.0
OFSS_test,0.18697447,0.0
SIEMENS_test,0.18697447,0.0
CARBORUNIV_test,0.18697447,0.0
LINDEINDIA_test,0.18697445,0.0
ICICIPRULI_test,0.18697445,0.0
INOXWIND_test,0.18697445,0.0
ALKEM_test,0.18697444,0.0
POLICYBZR_test,0.1869744,0.0
TORNTPOWER_test,0.1869744,0.0
DRREDDY_test,0.18697439,0.0
MGL_test,0.18697439,0.0
JSWENERGY_test,0.18697439,0.0
NAM-INDIA_test,0.18697438,0.0
KEC_test,0.18697438,0.0
HUDCO_test,0.18697438,0.0
JKLAKSHMI_test,0.18697438,0.0
CEATLTD_test,0.18697438,0.0
APLAPOLLO_test,0.18697438,0.0
CUMMINSIND_test,0.18697436,0.0
BLS_test,0.18697435,0.0
HCLTECH_test,0.18697435,0.0
FSL_test,0.18697421,0.0
ZOMATO_test,0.18697418,0.0
ASHOKLEY_test,0.18697417,0.0
KIRLOSBROS_test,0.18697408,0.0
KPRMILL_test,0.18697408,0.0
GRASIM_test,0.18697378,0.0
SCHAEFFLER_test,0.18697366,0.0
IPCALAB_test,0.18697362,0.0
CGPOWER_test,0.18697357,0.0
SUZLON_test,0.18697356,0.0
TRENT_test,0.18697351,0.0
GRANULES_test,0.18697348,0.0
JINDALSTEL_test,0.18697342,0.0
BERGEPAINT_test,0.18697338,0.0
ICICIGI_test,0.18697333,0.0
HDFCLIFE_test,0.18697318,0.0
JUBLPHARMA_test,0.18697307,0.0
INDUSTOWER_test,0.18697304,0.0
NATIONALUM_test,0.18697295,0.0
KARURVYSYA_test,0.18697278,0.0
SRF_test,0.1869725,0.0
ASTRAZEN_test,0.18697235,0.0
CHAMBLFERT_test,0.1869723,0.0
MUTHOOTFIN_test,0.18697229,0.0
JSWSTEEL_test,0.18697229,0.0
CHOLAFIN_test,0.18697228,0.0
MANAPPURAM_test,0.18697228,0.0
BAJAJFINSV_test,0.18697225,0.0
GVT&D_test,0.18697222,0.0
FORTIS_test,0.1869722,0.0
RADICO_test,0.1869722,0.0
SHREECEM_test,0.1869722,0.0
CHOLAHLDNG_test,0.1869722,0.0
EIDPARRY_test,0.1869722,0.0
AMBER_test,0.1869722,0.0
GLAXO_test,0.18697219,0.0
EICHERMOT_test,0.18697217,0.0
INDIGO_test,0.18697217,0.0
HINDALCO_test,0.18697217,0.0
BEL_test,0.18697214,0.0
SHRIRAMFIN_test,0.18697214,0.0
MAXHEALTH_test,0.18697208,0.0
FLUOROCHEM_test,0.18697208,0.0
MINDACORP_test,0.18697208,0.0
ISEC_test,0.18697207,0.0
BSE_test,0.18697205,0.0
CAPLIPOINT_test,0.18697205,0.0
POLYMED_test,0.18697204,0.0
PERSISTENT_test,0.18697202,0.0
TORNTPHARM_test,0.18697202,0.0
POWERINDIA_test,0.18697199,0.0
LUPIN_test,0.18697196,0.0
COFORGE_test,0.18697196,0.0
M&M_test,0.18697189,0.0
MCX_test,0.1869718,0.0
SAPPHIRE_test,0.18696198,0.0
SCI_test,0.18696176,0.0
ELGIEQUIP_test,0.18696144,0.0
GMDCLTD_test,0.18695965,0.0
SBILIFE_test,0.18695916,0.0
NIACL_test,0.18695676,0.0
ATGL_test,0.18695304,0.0
ASTRAL_test,0.18694669,0.0
INDIANB_test,0.18694477,0.0
NHPC_test,0.18694241,0.0
FINCABLES_test,0.18694144,0.0
INFY_test,0.18694103,0.0
FEDERALBNK_test,0.1869402,0.0
LEMONTREE_test,0.18693987,0.0
GODFRYPHLP_test,0.18693842,0.0
PCBL_test,0.18692985,0.0
WELSPUNLIV_test,0.18692975,0.0
PFC_test,0.18692967,0.0
COROMANDEL_test,0.18692736,0.0
EQUITASBNK_test,0.18692704,0.0
NETWORK18_test,0.18692607,0.0
ZENSARTECH_test,0.18692389,0.0
SAMMAANCAP_test,0.1869197,0.0
SOLARINDS_test,0.186919,0.0
NLCINDIA_test,0.18691668,0.0
WELCORP_test,0.18691087,0.0
GNFC_test,0.18690985,0.0
ESCORTS_test,0.18690678,0.0
TATASTEEL_test,0.1869019,0.0
MAHLIFE_test,0.18689927,0.0
BLUESTARCO_test,0.18689731,0.0
HEROMOTOCO_test,0.18689719,0.0
BOSCHLTD_test,0.1868845,0.0
JUSTDIAL_test,0.18687712,0.0
CERA_test,0.18687612,0.0
BAJAJHLDNG_test,0.18687469,0.0
IDFCFIRSTB_test,0.1868735,0.0
UNOMINDA_test,0.1868731,0.0
JMFINANCIL_test,0.18685901,0.0
TVSMOTOR_test,0.18685874,0.0
LTF_test,0.18685418,0.0
HDFCAMC_test,0.1868352,0.0
GSFC_test,0.18682754,0.0
LICHSGFIN_test,0.18682519,0.0
INDHOTEL_test,0.18681099,0.0
AIAENG_test,0.18679541,0.0
BIOCON_test,0.18678921,0.0
QUESS_test,0.18673846,0.0
GLENMARK_test,0.18666226,0.0
TECHM_test,0.18664211,0.0
SHYAMMETL_test,0.18662727,0.0
UBL_test,0.18655041,0.0
SUPREMEIND_test,0.18655032,0.0
KAJARIACER_test,0.18655032,0.0
RCF_test,0.1865503,0.0
BRITANNIA_test,0.18655029,0.0
TRITURBINE_test,0.18655026,0.0
BBTC_test,0.18655023,0.0
PIIND_test,0.1865502,0.0
DALBHARAT_test,0.18655019,0.0
HSCL_test,0.18655017,0.0
360ONE_test,0.18655017,0.0
AUROPHARMA_test,0.18655016,0.0
COCHINSHIP_test,0.18655016,0.0
PETRONET_test,0.18655008,0.0
NAUKRI_test,0.1865499,0.0
HEG_test,0.1865499,0.0
ULTRACEMCO_test,0.18654943,0.0
AVANTIFEED_test,0.18654831,0.0
ABBOTINDIA_test,0.186548,0.0
AJANTPHARM_test,0.186548,0.0
ASTERDM_test,0.18654794,0.0
KIMS_test,0.18654788,0.0
VIJAYA_test,0.18654783,0.0
IFCI_test,0.18653642,0.0
MOTHERSON_test,0.18652058,0.0
CRAFTSMAN_test,0.1865152,0.0
GILLETTE_test,0.18651293,0.0
HOMEFIRST_test,0.18651229,0.0
BHARTIARTL_test,0.18648396,0.0
BHARATFORG_test,0.18648343,0.0
MFSL_test,0.18647943,0.0
RECLTD_test,0.18645158,0.0
GICRE_test,0.18643585,0.0
M&MFIN_test,0.18642817,0.0
ABSLAMC_test,0.1864277,0.0
TRIVENI_test,0.18641213,0.0
JPPOWER_test,0.18638529,0.0
RBLBANK_test,0.18638387,0.0
CENTURYPLY_test,0.18638024,0.0
BDL_test,0.18637438,0.0
HINDZINC_test,0.18636353,0.0
SAIL_test,0.18635814,0.0
JWL_test,0.18634786,0.0
GODREJAGRO_test,0.18634747,0.0
ERIS_test,0.18634641,0.0
TRIDENT_test,0.18628976,0.0
CREDITACC_test,0.18628976,0.0
DMART_test,0.18627515,0.0
CDSL_test,0.1862616,0.0
APLLTD_test,0.18619762,0.0
BPCL_test,0.18618202,0.0
BHEL_test,0.18616684,0.0
IRFC_test,0.1861327,0.0
CASTROLIND_test,0.1861199,0.0216431473791467
AMBUJACEM_test,0.18611671,0.0
JINDALSAW_test,0.18611415,0.0
GODREJCP_test,0.18609035,0.0
ICICIBANK_test,0.18604894,0.0
VTL_test,0.18589929,0.0
TITAGARH_test,0.18577474,0.0
ADANIENT_test,0.18572871,0.0
VOLTAS_test,0.18572694,0.0
NH_test,0.18566088,0.0
IRCON_test,0.1856456,0.0
ACC_test,0.18549463,0.0
CANBK_test,0.1854477,0.0
ABB_test,0.18541789,0.0
VEDL_test,0.1852093,0.0
AXISBANK_test,0.18503077,0.0
GLAND_test,0.18475217,0.0
VGUARD_test,0.18460727,0.0
TECHNOE_test,0.18456537,0.0
LTTS_test,0.18437827,0.0
ATUL_test,0.18377602,0.0
TANLA_test,0.18375058,0.0471686514095375
ALOKINDS_test,0.18367551,0.0
PATANJALI_test,0.18360251,0.0
CAMS_test,0.18347733,0.0
MAZDOCK_test,0.18319114,0.0
MAHSEAMLES_test,0.18272993,0.0
INDUSINDBK_test,0.18261462,0.0
SUVENPHAR_test,0.18248105,0.0
GPPL_test,0.18223207,0.0
NMDC_test,0.18164514,0.0
JUBLINGREA_test,0.18128265,0.0
JUBLFOOD_test,0.17975357,0.0
IDBI_test,0.17879912,0.0
CYIENT_test,0.17766519,0.0
LAURUSLABS_test,0.17214231,0.0
VIPIND_test,0.16971773,0.0
FINEORG_test,0.16946569,0.0
BATAINDIA_test,0.16865417,0.0
GPIL_test,0.1677459,0.0
RAJESHEXPO_test,0.16359301,0.0
HONAUT_test,0.14997983,0.0
CRISIL_test,0.14585836,0.0
EMAMILTD_test,0.12584232,0.0
KOTAKBANK_test,0.11844301,0.0
BSOFT_test,0.106905155,0.0
HAPPSTMNDS_test,0.09774032,0.0
ABFRL_test,0.058380343,0.0
IEX_test,-0.043222494,0.0
PAGEIND_test,-0.09370877,0.0
DEEPAKFERT_test,-0.10864848,0.0
SUMICHEM_test,-0.22691517,0.0
DIXON_test,-0.26244184,0.0
PAYTM_test,-0.26938918,0.0
NAVINFLUOR_test,-0.35059607,0.0
SBICARD_test,-0.36602467,0.0
UPL_test,-0.3753315,0.0
AAVAS_test,-0.42192167,0.0
SUNDARMFIN_test,-0.43384558,0.0
CIPLA_test,-0.49843943,0.0
