stock,predicted_return,actual_return
APOLLOHOSP_test,0.36350617,0.0
RKFORGE_test,0.36115232,0.0
OIL_test,0.3598676,0.0
ZEEL_test,0.35660645,0.0
DABUR_test,0.35464862,0.0
BLUEDART_test,0.3539798,0.0
RELIANCE_test,0.35335633,0.0
MRPL_test,0.35192895,0.0
SPARC_test,0.35127363,0.0
IIFL_test,0.35089567,0.0
VINATIORGA_test,0.35065356,0.0
WHIRLPOOL_test,0.34923026,0.0
DEVYANI_test,0.34568188,0.0
MARUTI_test,0.3452095,0.0
GPIL_test,0.34505048,0.0
INTELLECT_test,0.34446865,0.0
MOTILALOFS_test,0.34351546,0.0
LT_test,0.3423229,0.0
RAILTEL_test,0.3419545,0.0
STARHEALTH_test,0.3418176,0.0
NUVOCO_test,0.33704016,0.0
IEX_test,0.3004757,0.0
AUBANK_test,0.28369048,0.0
BALAMINES_test,0.2774531,0.0
TATAMOTORS_test,0.27616343,0.0
TATAINVEST_test,0.25867534,0.0
EIHOTEL_test,0.2526805,0.0
SWSOLAR_test,0.24878106,0.0
CGCL_test,0.19955155,0.0
IOB_test,0.19338122,0.0
HDFCBANK_test,0.18182367,0.0
GRAPHITE_test,0.18105108,0.0
TITAN_test,0.18084526,0.0
UNIONBANK_test,0.17956707,0.0
J&KBANK_test,0.17944309,0.0
BANKINDIA_test,0.1788833,0.0
KNRCON_test,0.17866468,0.0
AFFLE_test,0.1772895,0.0
CENTRALBK_test,0.17658459,0.0
JUBLFOOD_test,0.17456536,0.0
NYKAA_test,0.17356984,0.0
RHIM_test,0.17354721,0.0
HINDUNILVR_test,0.17314729,0.0
TATACONSUM_test,0.1728985,0.0
ASIANPAINT_test,0.17282274,0.0
DIVISLAB_test,0.17199138,0.0
SJVN_test,0.17025074,0.0
LALPATHLAB_test,0.16978556,0.0
APOLLOTYRE_test,0.1696137,0.0
BANDHANBNK_test,0.1695061,0.0
RENUKA_test,0.16905028,0.0
CLEAN_test,0.16888279,0.0
TIMKEN_test,0.16743955,0.0
GAEL_test,0.16738448,0.0
ALKYLAMINE_test,0.16729176,0.0
MARICO_test,0.16637057,0.0
SAREGAMA_test,0.16484934,0.0
MAHSEAMLES_test,0.16463208,0.0
IOC_test,0.16353667,0.0
POONAWALLA_test,0.16346744,0.0
IRCTC_test,0.1633398,0.0
OLECTRA_test,0.16281687,0.0
GRINDWELL_test,0.16279146,0.0
PEL_test,0.16251098,0.0
TTML_test,0.16221584,0.0
NESTLEIND_test,0.16204889,0.0
BALRAMCHIN_test,0.16195631,0.0
MRF_test,0.16137893,0.0
UCOBANK_test,0.16050106,0.0
BASF_test,0.15987885,0.0
KANSAINER_test,0.15935233,0.0
TEJASNET_test,0.15909009,0.0
KOTAKBANK_test,0.15888609,0.0
RAMCOCEM_test,0.15875605,0.0
CUB_test,0.15870133,0.0
GRSE_test,0.15841267,0.0233810922586847
BANKBARODA_test,0.15830524,0.0
BALKRISIND_test,0.15816657,0.0
SKFINDIA_test,0.15785298,0.0
ASAHIINDIA_test,0.15784548,0.0
BIOCON_test,0.15766548,0.0
ATUL_test,0.1576016,0.0
SONATSOFTW_test,0.15742344,0.0
BAJFINANCE_test,0.15707865,0.0
PNBHOUSING_test,0.15701789,0.0
GRINFRA_test,0.15681022,0.0
CROMPTON_test,0.1561681,0.0
VBL_test,0.15602416,0.0
IRB_test,0.15582082,0.0
DBREALTY_test,0.15526183,0.0
MAHABANK_test,0.15519701,0.0
COALINDIA_test,0.15471606,0.0
FINEORG_test,0.15418321,0.0
COROMANDEL_test,0.15384151,0.0
REDINGTON_test,0.15346335,0.0
BAJAJ-AUTO_test,0.15320277,0.0
ACE_test,0.15313709,0.0
YESBANK_test,0.15308896,0.0
TATACOMM_test,0.15281314,0.0
CHENNPETRO_test,0.15273193,0.0
JSL_test,0.15259859,0.0
JBMA_test,0.15247785,0.0
BIRLACORPN_test,0.15240398,0.0
RITES_test,0.1523521,0.0
ONGC_test,0.15233725,0.0
SANOFI_test,0.1522814,0.0
JKTYRE_test,0.15228042,0.0
JKCEMENT_test,0.1519936,0.0
SONACOMS_test,0.15196282,0.0
CHEMPLASTS_test,0.15195833,0.0
INDIACEM_test,0.15173504,0.0
ANANDRATHI_test,0.1516363,0.0
UTIAMC_test,0.15150842,0.0
ANANTRAJ_test,0.15136681,0.0
NIACL_test,0.15136366,0.0
ZYDUSLIFE_test,0.15134981,0.0
SUNDRMFAST_test,0.15130597,0.0
ANGELONE_test,0.15121344,0.0
PRAJIND_test,0.1511837,0.0
METROPOLIS_test,0.15116125,0.0
SYNGENE_test,0.151158,0.0
SAPPHIRE_test,0.1510287,0.0
ASTRAL_test,0.15102217,0.0
INDIANB_test,0.151021,0.0
SCI_test,0.15101516,0.0
GMDCLTD_test,0.15100223,0.0
ECLERX_test,0.15100008,0.0
APTUS_test,0.15099981,0.0
CHALET_test,0.15099931,0.0
OBEROIRLTY_test,0.15099838,0.0
CCL_test,0.15099832,0.0
USHAMART_test,0.1509975,0.0
MASTEK_test,0.15099743,0.0
ITC_test,0.15099701,0.0
COLPAL_test,0.1509969,0.0
SBIN_test,0.15099671,0.0
THERMAX_test,0.1509966,0.0
LTIM_test,0.15099636,0.0
LODHA_test,0.15099624,0.0
PRESTIGE_test,0.15099603,0.0
APARINDS_test,0.15099597,0.0
EXIDEIND_test,0.15099597,0.0
NBCC_test,0.15099594,0.0
HAVELLS_test,0.15099591,0.0
MAPMYINDIA_test,0.15099584,0.0
TIINDIA_test,0.15099582,0.0
ITI_test,0.15099582,0.0
GESHIP_test,0.15099582,0.0
GAIL_test,0.15099582,0.0
MPHASIS_test,0.15099567,0.0
SCHNEIDER_test,0.15099567,0.0
TATAPOWER_test,0.15099566,0.0
EASEMYTRIP_test,0.15099564,0.0
METROBRAND_test,0.15099561,0.0
POWERGRID_test,0.1509955,0.0
VARROC_test,0.1509955,0.0
POLICYBZR_test,0.15099546,0.0
FINPIPE_test,0.15099543,0.0
ELGIEQUIP_test,0.15099543,0.0
RVNL_test,0.1509954,0.0
NEWGEN_test,0.15099533,0.0
ADANIPOWER_test,0.1509953,0.0
IDEA_test,0.15099528,0.0
FACT_test,0.1509952,0.0
HINDCOPPER_test,0.15099514,0.0
HFCL_test,0.15099514,0.0
SUNTV_test,0.15099512,0.0
UJJIVANSFB_test,0.1509951,0.0
SIEMENS_test,0.15099509,0.0
ENGINERSIN_test,0.15099509,0.0
HINDPETRO_test,0.15099508,0.0
GODREJPROP_test,0.150995,0.0
TCS_test,0.15099499,0.0
NCC_test,0.15099496,0.0
ABCAPITAL_test,0.15099491,0.0
GSPL_test,0.15099487,0.0
AARTIIND_test,0.15099484,0.0
RAYMOND_test,0.15099484,0.0
MMTC_test,0.15099481,0.0
PNCINFRA_test,0.15099478,0.0
KALYANKJIL_test,0.15099472,0.0
GMRAIRPORT_test,0.15099469,0.0
POLYCAB_test,0.1509946,0.0
PFIZER_test,0.15099458,0.0
GUJGASLTD_test,0.15099457,0.0
RATNAMANI_test,0.15099446,0.0
ROUTE_test,0.15099445,0.0
ELECON_test,0.15099442,0.0
DATAPATTNS_test,0.1509944,0.0
TATAELXSI_test,0.15099439,0.0
CIEINDIA_test,0.15099439,0.0
BEML_test,0.15099438,0.0
TORNTPOWER_test,0.15099436,0.0
WESTLIFE_test,0.15099435,0.0
KSB_test,0.1509943,0.0
PNB_test,0.15099417,0.0
JYOTHYLAB_test,0.15099415,0.0
SOBHA_test,0.15099409,0.0
CONCOR_test,0.15099405,0.0
HAL_test,0.15099403,0.0
RTNINDIA_test,0.15099403,0.0
NTPC_test,0.15099397,0.0
LATENTVIEW_test,0.15099396,0.0
JBCHEPHARM_test,0.15099394,0.0
INDIAMART_test,0.15099382,0.0
CARBORUNIV_test,0.15099382,0.0
NATCOPHARM_test,0.1509938,0.0
PIDILITIND_test,0.15099375,0.0
ENDURANCE_test,0.15099367,0.0
KIRLOSENG_test,0.15099366,0.0
OFSS_test,0.15099348,0.0
ADANIGREEN_test,0.15099338,0.0
LINDEINDIA_test,0.15099335,0.0
CUMMINSIND_test,0.15099311,0.0
BAYERCROP_test,0.15099311,0.0
SBILIFE_test,0.15099311,0.0
CESC_test,0.15099293,0.0
PGHH_test,0.15099292,0.0
ICICIPRULI_test,0.1509929,0.0
KEI_test,0.15099275,0.0
HCLTECH_test,0.15099257,0.0
KPITTECH_test,0.15099233,0.0
CANFINHOME_test,0.15099087,0.0
JSWENERGY_test,0.1509907,0.0
INOXWIND_test,0.15099064,0.0
ZOMATO_test,0.15099062,0.0
MGL_test,0.1509906,0.0
ASHOKLEY_test,0.15099052,0.0
APLAPOLLO_test,0.15099046,0.0
ZFCVINDIA_test,0.1509899,0.0
ALKEM_test,0.15098974,0.0
KEC_test,0.15098904,0.0
HUDCO_test,0.15098904,0.0
BLS_test,0.150989,0.0
NETWORK18_test,0.15098861,0.0
NAM-INDIA_test,0.15098828,0.0
BOSCHLTD_test,0.15098771,0.0
SAMMAANCAP_test,0.15098739,0.0
JKLAKSHMI_test,0.15098608,0.0
CEATLTD_test,0.15098569,0.0
KIRLOSBROS_test,0.15098476,0.0
GRASIM_test,0.15098444,0.0
INFY_test,0.1509836,0.0
DRREDDY_test,0.15098338,0.0
NHPC_test,0.15098295,0.0
EQUITASBNK_test,0.1509825,0.0
FINCABLES_test,0.15098238,0.0
IPCALAB_test,0.15098056,0.0
GRANULES_test,0.15097949,0.0
CGPOWER_test,0.15097852,0.0
SCHAEFFLER_test,0.15097827,0.0
BERGEPAINT_test,0.1509769,0.0
ICICIGI_test,0.1509769,0.0
TRENT_test,0.15097606,0.0
JINDALSTEL_test,0.15097523,0.0
HDFCLIFE_test,0.15097338,0.0
SUZLON_test,0.15097299,0.0
KARURVYSYA_test,0.1509716,0.0
GNFC_test,0.15097004,0.0
INDUSTOWER_test,0.150967,0.0
WIPRO_test,0.15095949,0.0
ZENSARTECH_test,0.15095699,0.0
EIDPARRY_test,0.15095544,0.0
CERA_test,0.15095386,0.0
FEDERALBNK_test,0.15094478,0.0
JUBLPHARMA_test,0.15094239,0.0
IDFCFIRSTB_test,0.15094033,0.0
FSL_test,0.15092939,0.0
NLCINDIA_test,0.15092754,0.0
KPRMILL_test,0.15092164,0.0
PFC_test,0.15091527,0.0
WELSPUNLIV_test,0.15091486,0.0
LEMONTREE_test,0.15091307,0.0
NATIONALUM_test,0.15090689,0.0
HEROMOTOCO_test,0.15090257,0.0
ESCORTS_test,0.1509002,0.0
MAHLIFE_test,0.15089205,0.0
MCX_test,0.1508892,0.0
TORNTPHARM_test,0.15087816,0.0
POLYMED_test,0.15087608,0.0
M&M_test,0.15087447,0.0
CAPLIPOINT_test,0.15087229,0.0
PERSISTENT_test,0.15086934,0.0
BSE_test,0.15086693,0.0
LUPIN_test,0.1508634,0.0
COFORGE_test,0.15086329,0.0
BEL_test,0.15086257,0.0
FLUOROCHEM_test,0.15086229,0.0
CHOLAHLDNG_test,0.15086095,0.0
LICHSGFIN_test,0.15085877,0.0
MINDACORP_test,0.15085843,0.0
FORTIS_test,0.15085688,0.0
TVSMOTOR_test,0.15085477,0.0
WELCORP_test,0.1508536,0.0
MAXHEALTH_test,0.15085329,0.0
POWERINDIA_test,0.15085222,0.0
HINDALCO_test,0.15085176,0.0
UNOMINDA_test,0.15084971,0.0
SHRIRAMFIN_test,0.1508494,0.0
GVT&D_test,0.15084937,0.0
RADICO_test,0.15084752,0.0
EICHERMOT_test,0.15084669,0.0
GLAXO_test,0.15084626,0.0
CHOLAFIN_test,0.15084547,0.0
ISEC_test,0.15084507,0.0
SHREECEM_test,0.15084499,0.0
INDIGO_test,0.15084404,0.0
AMBER_test,0.15084398,0.0
JSWSTEEL_test,0.15084329,0.0
BLUESTARCO_test,0.15084311,0.0
MANAPPURAM_test,0.15084234,0.0
ASTRAZEN_test,0.15084228,0.0
BAJAJFINSV_test,0.15084085,0.0
MUTHOOTFIN_test,0.15084079,0.0
CHAMBLFERT_test,0.15084076,0.0
SRF_test,0.15083611,0.0
TATASTEEL_test,0.15082258,0.0
GODFRYPHLP_test,0.15081835,0.0
GSFC_test,0.15081652,0.0
PCBL_test,0.15081635,0.0
AIAENG_test,0.15081513,0.0
JUSTDIAL_test,0.15081462,0.0
HDFCAMC_test,0.15080553,0.0
JMFINANCIL_test,0.1508044,0.0
CANBK_test,0.15080313,0.0
BAJAJHLDNG_test,0.15079597,0.0
LTF_test,0.15078324,0.0
SOLARINDS_test,0.15074998,0.0
QUESS_test,0.15066224,0.0
INDHOTEL_test,0.15063348,0.0
SHYAMMETL_test,0.15060458,0.0
DEEPAKNTR_test,0.15060091,0.0
IFCI_test,0.15059334,0.0
JPPOWER_test,0.15058404,0.0
UBL_test,0.15057713,0.0
TRITURBINE_test,0.150576,0.0
BRITANNIA_test,0.15057597,0.0
BBTC_test,0.15057495,0.0
RCF_test,0.15057287,0.0
HSCL_test,0.15057254,0.0
SUPREMEIND_test,0.15057237,0.0
360ONE_test,0.15057212,0.0
KAJARIACER_test,0.1505717,0.0
PETRONET_test,0.15057135,0.0
AUROPHARMA_test,0.15057053,0.0
PIIND_test,0.1505699,0.0
COCHINSHIP_test,0.15056951,0.0
DALBHARAT_test,0.1505687,0.0
NAUKRI_test,0.15056789,0.0
HEG_test,0.15056485,0.0
ULTRACEMCO_test,0.15055992,0.0
CRAFTSMAN_test,0.15055281,0.0
BHARATFORG_test,0.15054394,0.0
AJANTPHARM_test,0.15052393,0.0
MFSL_test,0.15051034,0.0
RBLBANK_test,0.15050793,0.0
GLENMARK_test,0.15050364,0.0
ADANIPORTS_test,0.15050083,0.0
TRIVENI_test,0.15049517,0.0
RECLTD_test,0.1504866,0.0
HOMEFIRST_test,0.15047331,0.0
SAIL_test,0.15046653,0.0
BDL_test,0.15046027,0.0
TRIDENT_test,0.15045623,0.0
GILLETTE_test,0.15044686,0.0
ASTERDM_test,0.15043777,0.0
BHARTIARTL_test,0.15043688,0.0
MOTHERSON_test,0.15042329,0.0
VIJAYA_test,0.15042305,0.0
ABBOTINDIA_test,0.15042189,0.0
KIMS_test,0.15042084,0.0
AVANTIFEED_test,0.15041462,0.0
GODREJAGRO_test,0.1504035,0.0
APLLTD_test,0.15039545,0.0
HINDZINC_test,0.1503901,0.0
CENTURYPLY_test,0.15037538,0.0
ABSLAMC_test,0.15036023,0.0
ERIS_test,0.1503575,0.0
JWL_test,0.15035576,0.0
BPCL_test,0.15035066,0.0
AMBUJACEM_test,0.15034515,0.0
SUNPHARMA_test,0.1503436,0.0
M&MFIN_test,0.1502851,0.0
CREDITACC_test,0.1502749,0.0
GODREJCP_test,0.15025298,0.0
GICRE_test,0.150225,0.0
DMART_test,0.15020639,0.0
CDSL_test,0.15020515,0.0
CRISIL_test,0.15017031,0.0
VTL_test,0.1501444,0.0
JINDALSAW_test,0.15011938,0.0
ICICIBANK_test,0.15010202,0.0
CASTROLIND_test,0.15002662,0.0216431473791467
BHEL_test,0.1500152,0.0
IRCON_test,0.14995724,0.0
IRFC_test,0.14995067,0.0
TITAGARH_test,0.14989723,0.0
VOLTAS_test,0.14981331,0.0
DLF_test,0.14979987,0.0
TATACHEM_test,0.14979544,0.0
ADANIENT_test,0.14977396,0.0
ATGL_test,0.14966458,0.0
JUBLINGREA_test,0.14966352,0.0
ACC_test,0.14962924,0.0
TECHM_test,0.14955127,0.0
VEDL_test,0.1493597,0.0
AXISBANK_test,0.14922978,0.0
NH_test,0.14903325,0.0
ABB_test,0.14885229,0.0
SUVENPHAR_test,0.14876443,0.0
VGUARD_test,0.14870523,0.0
INDUSINDBK_test,0.14830886,0.0
MAZDOCK_test,0.14828724,0.0
TECHNOE_test,0.14828417,0.0
LTTS_test,0.14821678,0.0
CAMS_test,0.14809561,0.0
IGL_test,0.14794959,0.0
PATANJALI_test,0.14774054,0.0
GLAND_test,0.14759243,0.0
GPPL_test,0.1469108,0.0
TANLA_test,0.1466032,0.0471686514095375
VIPIND_test,0.1465699,0.0
BATAINDIA_test,0.14656767,0.0
ALOKINDS_test,0.14587754,0.0
NMDC_test,0.14475296,0.0
IDBI_test,0.14234948,0.0
CYIENT_test,0.14026505,0.0
LAURUSLABS_test,0.1381965,0.0
HONAUT_test,0.13120824,0.0
RAJESHEXPO_test,0.12482381,0.0
ABFRL_test,0.09316343,0.0
HAPPSTMNDS_test,0.088174984,0.0
BSOFT_test,0.043081008,0.0
EMAMILTD_test,0.030848533,0.0
PAGEIND_test,0.030740857,0.0
CIPLA_test,-0.007178787,0.0
DEEPAKFERT_test,-0.08037033,0.0
SUMICHEM_test,-0.17055455,0.0
DIXON_test,-0.26777634,0.0
PAYTM_test,-0.2746094,0.0
SUNDARMFIN_test,-0.32695636,0.0
UPL_test,-0.36184117,0.0
AAVAS_test,-0.36386856,0.0
SBICARD_test,-0.3771725,0.0
NAVINFLUOR_test,-0.37884548,0.0
